{
    // Use IntelliSense to learn about possible attributes.
    // Hover to view descriptions of existing attributes.
    // For more information, visit: https://go.microsoft.com/fwlink/?linkid=830387
    "version": "0.2.0",
    "configurations": [
        {
            "name": "1 - Node Launch Program",
            "program": "${workspaceFolder}/bin/www",
            "request": "launch",
            "skipFiles": [
                "<node_internals>/**"
            ],
            "type": "pwa-node"
        },
        {
            "name": "2 - Chrome-CORS",
            "type": "chrome",
            "request": "launch",
            "url": "http://localhost:3000",
            "webRoot": "${workspaceFolder}",
            "runtimeArgs": [
                "--disable-web-security"
            ]
        }
    ]
}